{"stat.useItem.139":73,"stat.breakItem.283":1,"stat.useItem.146":1,"stat.killEntity.Sheep":2,"stat.mineBlock.67":22,"stat.useItem.3":1715,"stat.craftItem.257":2,"stat.useItem.65":2,"stat.mineBlock.37":25,"stat.useItem.2257":2,"stat.useItem.126":198,"stat.mineBlock.114":4,"stat.useItem.72":1,"stat.mineBlock.24":9,"stat.craftItem.72":10,"stat.useItem.89":25,"achievement.acquireIron":4,"achievement.openInventory":813,"stat.craftItem.307":2,"stat.damageDealt":86520,"stat.mineBlock.31":11,"stat.useItem.50":380,"stat.breakItem.291":1,"stat.killEntity.Cow":29,"stat.useItem.323":21,"stat.craftItem.50":272,"stat.mineBlock.69":1,"stat.useItem.338":31,"stat.mineBlock.53":4,"achievement.exploreAllBiomes":{"value":0,"progress":["Extreme Hills+","Deep Ocean","Taiga","Ocean","Extreme Hills","Plains","TaigaHills","Hell","ForestHills","Extreme Hills+ M","Forest","Beach","River","Stone Beach","Cold Beach"]},"stat.useItem.324":21,"stat.useItem.290":2,"stat.useItem.24":49,"stat.craftItem.89":5,"stat.breakItem.267":1,"stat.mineBlock.139":15,"stat.useItem.53":4,"stat.mineBlock.54":18,"stat.craftItem.333":1,"stat.craftItem.139":6,"stat.mineBlock.1":5032,"stat.mineBlock.73":11,"stat.mineBlock.97":2,"stat.useItem.361":10,"stat.craftItem.355":4,"stat.useItem.5":220,"stat.fallOneCm":220241,"stat.junkFished":3,"stat.craftItem.134":8,"stat.breakItem.309":1,"achievement.buildFurnace":1,"stat.mineBlock.171":21,"stat.mineBlock.134":6,"stat.useItem.354":1,"stat.mineBlock.38":42,"stat.craftItem.65":3,"stat.craftItem.308":1,"achievement.buildWorkBench":1,"stat.useItem.38":59,"stat.mineBlock.155":67,"stat.craftItem.58":1,"stat.mineBlock.89":8,"achievement.killCow":30,"stat.mineBlock.95":2,"stat.craftItem.263":3,"stat.craftItem.324":7,"stat.mineBlock.14":23,"stat.useItem.175":42,"stat.flyOneCm":133100,"stat.useItem.283":34,"achievement.buildPickaxe":83,"stat.mineBlock.61":7,"stat.damageTaken":47254,"stat.useItem.4":3851,"stat.useItem.355":10,"stat.craftItem.323":6,"stat.breakItem.306":1,"stat.craftItem.283":1,"stat.mineBlock.161":1,"stat.entityKilledBy.Spider":1,"stat.craftItem.272":4,"stat.mineBlock.39":15,"stat.killEntity.Chicken":37,"stat.mineBlock.78":170,"stat.mineBlock.86":70,"stat.mineBlock.126":19,"stat.breakItem.274":50,"stat.craftItem.5":572,"stat.craftItem.354":1,"stat.useItem.321":100,"stat.entityKilledBy.Creeper":1,"stat.killEntity.EntityHorse":20,"stat.climbOneCm":11085,"stat.craftItem.291":2,"stat.useItem.18":32,"stat.drop":588,"stat.useItem.291":151,"stat.useItem.392":1253,"stat.breakItem.272":9,"stat.craftItem.393":64,"stat.mineBlock.135":2,"stat.mineBlock.12":10,"stat.killEntity.Creeper":7,"stat.mineBlock.58":11,"stat.mineBlock.15":109,"stat.craftItem.267":1,"stat.leaveGame":81,"stat.useItem.6":47,"stat.useItem.258":27,"achievement.buildBetterPickaxe":83,"stat.useItem.295":1502,"stat.useItem.61":5,"stat.useItem.362":13,"stat.useItem.85":86,"stat.killEntity.PigZombie":1,"stat.craftItem.126":144,"stat.boatOneCm":129371,"stat.useItem.107":2,"achievement.buildSword":5,"stat.mineBlock.6":8,"stat.mineBlock.18":938,"stat.entityKilledBy.PigZombie":2,"achievement.buildHoe":2,"achievement.mineWood":246,"stat.useItem.267":267,"stat.mineBlock.17":254,"achievement.killEnemy":272,"stat.useItem.17":16,"stat.useItem.272":1094,"stat.mineBlock.20":25,"stat.mineBlock.87":13,"stat.craftItem.85":16,"achievement.bakeCake":1,"stat.craftItem.20":32,"stat.mineBlock.13":149,"stat.playOneMinute":3672368,"stat.craftItem.361":16,"stat.craftItem.306":2,"stat.killEntity.Pig":1,"stat.useItem.37":25,"stat.craftItem.275":21,"stat.craftItem.362":15,"stat.diveOneCm":264761,"stat.useItem.391":246,"stat.breakItem.275":4,"stat.mineBlock.103":101,"stat.useItem.54":50,"stat.breakItem.314":1,"stat.killEntity.Spider":15,"stat.killEntity.Slime":2,"stat.useItem.134":9,"stat.useItem.273":1966,"stat.animalsBred":101,"stat.breakItem.273":13,"stat.entityKilledBy.Skeleton":1,"stat.craftItem.280":224,"stat.useItem.275":497,"stat.playerKills":2,"stat.killEntity.Silverfish":6,"stat.craftItem.325":2,"stat.mineBlock.72":3,"stat.entityKilledBy.Zombie":2,"stat.craftItem.265":76,"stat.mineBlock.45":2,"stat.mineBlock.16":553,"stat.useItem.256":83,"achievement.breedCow":5,"stat.useItem.161":26,"stat.mobKills":401,"stat.mineBlock.159":188,"stat.killEntity.Zombie":249,"stat.useItem.257":35,"stat.useItem.359":37,"stat.mineBlock.4":367,"stat.craftItem.273":9,"stat.mineBlock.5":49,"stat.breakItem.256":1,"stat.craftItem.400":24,"stat.useItem.58":12,"stat.swimOneCm":279144,"stat.fishCaught":25,"stat.useItem.390":8,"stat.killEntity.Skeleton":22,"stat.walkOneCm":10868427,"stat.useItem.274":6450,"stat.jump":7168,"stat.useItem.13":24,"stat.useItem.12":6,"stat.craftItem.61":1,"stat.craftItem.171":24,"stat.deaths":29,"stat.mineBlock.3":2102,"stat.mineBlock.98":2,"stat.useItem.171":19,"stat.craftItem.54":29,"stat.useItem.67":98,"stat.useItem.1":2,"stat.mineBlock.50":122,"stat.useItem.20":100,"stat.craftItem.309":2,"stat.craftItem.67":96,"stat.craftItem.353":58,"stat.mineBlock.85":8,"stat.mineBlock.175":14,"stat.craftItem.107":2,"stat.craftItem.274":59}