{"stats":{"minecraft:killed":{"minecraft:silverfish":20,"minecraft:skeleton":66,"minecraft:spider":44,"minecraft:magma_cube":31,"minecraft:zombie":441,"minecraft:zombie_pigman":3,"minecraft:witch":6,"minecraft:slime":2,"minecraft:mooshroom":4,"minecraft:creeper":24,"minecraft:blaze":3,"minecraft:enderman":7,"minecraft:ghast":3},"minecraft:custom":{"minecraft:time_since_rest":133,"minecraft:play_one_minute":4690585,"minecraft:damage_taken":53576,"minecraft:walk_one_cm":21903977,"minecraft:deaths":15,"minecraft:walk_under_water_one_cm":289813,"minecraft:mob_kills":665,"minecraft:drop":577,"minecraft:boat_one_cm":53055,"minecraft:animals_bred":14,"minecraft:jump":21463,"minecraft:damage_dealt":155285,"minecraft:leave_game":90,"minecraft:time_since_death":133,"minecraft:walk_on_water_one_cm":617460,"minecraft:climb_one_cm":6337,"minecraft:fly_one_cm":1213314,"minecraft:fall_one_cm":239827},"minecraft:killed_by":{"minecraft:ghast":1,"minecraft:skeleton":2,"minecraft:creeper":1,"minecraft:spider":1,"minecraft:zombie":3,"minecraft:zombie_pigman":3}},"DataVersion":2230}