{"stats":{"minecraft:crafted":{"minecraft:crafting_table":1,"minecraft:spruce_planks":4},"minecraft:custom":{"minecraft:jump":255,"minecraft:open_chest":1,"minecraft:time_since_rest":15261,"minecraft:damage_dealt":18,"minecraft:damage_taken":290,"minecraft:leave_game":8,"minecraft:time_since_death":15230,"minecraft:play_one_minute":22777,"minecraft:walk_one_cm":159155,"minecraft:sprint_one_cm":56769,"minecraft:walk_on_water_one_cm":509,"minecraft:deaths":1,"minecraft:climb_one_cm":1158,"minecraft:fall_one_cm":7408,"minecraft:fly_one_cm":23737},"minecraft:picked_up":{"minecraft:spruce_log":2},"minecraft:mined":{"minecraft:spruce_log":3}},"DataVersion":2230}