{"stats":{"minecraft:crafted":{"minecraft:oak_door":7,"minecraft:oak_planks":956,"minecraft:cooked_chicken":1,"minecraft:furnace":4,"minecraft:stone":579,"minecraft:flint_and_steel":2,"minecraft:stone_stairs":10,"minecraft:cooked_mutton":3,"minecraft:oak_trapdoor":8,"minecraft:glass_pane":64,"minecraft:glass":96,"minecraft:spruce_stairs":4,"minecraft:bow":1,"minecraft:iron_axe":6,"minecraft:ladder":82,"minecraft:stone_pickaxe":1,"minecraft:chest":16,"minecraft:rail":16,"minecraft:stone_bricks":256,"minecraft:oak_fence":34,"minecraft:golden_sword":2,"minecraft:red_dye":7,"minecraft:oak_slab":105,"minecraft:wooden_shovel":1,"minecraft:cauldron":1,"minecraft:crafting_table":2,"minecraft:spruce_planks":10,"minecraft:wooden_pickaxe":1,"minecraft:iron_helmet":1,"minecraft:iron_sword":2,"minecraft:birch_planks":516,"minecraft:stone_axe":1,"minecraft:oak_fence_gate":12,"minecraft:red_stained_glass":16,"minecraft:charcoal":1,"minecraft:stick":428,"minecraft:stone_slab":9,"minecraft:iron_ingot":193,"minecraft:iron_pickaxe":21,"minecraft:oak_stairs":212,"minecraft:iron_shovel":9,"minecraft:gold_ingot":19,"minecraft:stonecutter":1,"minecraft:torch":394},"minecraft:killed":{"minecraft:spider":9,"minecraft:skeleton":10,"minecraft:chicken":4,"minecraft:zombie_villager":1,"minecraft:creeper":3,"minecraft:sheep":3,"minecraft:pillager":6,"minecraft:zombie":75},"minecraft:dropped":{"minecraft:iron_ingot":2,"minecraft:oak_slab":2,"minecraft:birch_planks":1,"minecraft:wheat_seeds":15,"minecraft:birch_leaves":20,"minecraft:oak_log":18,"minecraft:oak_fence":34,"minecraft:cobblestone":323,"minecraft:grass_block":1,"minecraft:stick":5,"minecraft:red_mushroom":2,"minecraft:dirt":1363,"minecraft:torch":12,"minecraft:wooden_axe":1,"minecraft:melon_slice":1,"minecraft:white_banner":1,"minecraft:iron_axe":1,"minecraft:iron_pickaxe":5,"minecraft:iron_shovel":2,"minecraft:spruce_sapling":1,"minecraft:dandelion":6,"minecraft:bone":1,"minecraft:sugar_cane":1,"minecraft:birch_sapling":10,"minecraft:stone_shovel":2,"minecraft:rotten_flesh":86,"minecraft:oak_planks":3,"minecraft:stone_slab":1,"minecraft:stone_stairs":8,"minecraft:shears":1,"minecraft:glass_pane":16,"minecraft:flint_and_steel":2,"minecraft:poppy":1,"minecraft:stone":18,"minecraft:charcoal":2,"minecraft:oak_sapling":79,"minecraft:wooden_shovel":2,"minecraft:stone_bricks":15,"minecraft:spruce_log":3,"minecraft:glass":8,"minecraft:wooden_pickaxe":1,"minecraft:oak_leaves":491,"minecraft:egg":5},"minecraft:custom":{"minecraft:interact_with_anvil":1,"minecraft:mob_kills":113,"minecraft:interact_with_crafting_table":201,"minecraft:fill_cauldron":2,"minecraft:leave_game":48,"minecraft:time_since_death":311250,"minecraft:climb_one_cm":102891,"minecraft:sprint_one_cm":181744,"minecraft:walk_one_cm":6017664,"minecraft:drop":1273,"minecraft:talked_to_villager":1,"minecraft:deaths":39,"minecraft:sneak_time":424,"minecraft:walk_under_water_one_cm":41532,"minecraft:jump":6896,"minecraft:walk_on_water_one_cm":66862,"minecraft:interact_with_furnace":118,"minecraft:play_one_minute":1429902,"minecraft:pot_flower":1,"minecraft:interact_with_stonecutter":6,"minecraft:sleep_in_bed":6,"minecraft:time_since_rest":100398,"minecraft:damage_taken":11476,"minecraft:damage_dealt":21624,"minecraft:minecart_one_cm":198366,"minecraft:swim_one_cm":301,"minecraft:fly_one_cm":603780,"minecraft:open_chest":149,"minecraft:crouch_one_cm":3005,"minecraft:fall_one_cm":112099},"minecraft:broken":{"minecraft:iron_shovel":7,"minecraft:wooden_shovel":1,"minecraft:stone_sword":1,"minecraft:shears":1,"minecraft:iron_boots":1,"minecraft:iron_chestplate":1,"minecraft:iron_leggings":1,"minecraft:flint_and_steel":1,"minecraft:wooden_pickaxe":1,"minecraft:stone_pickaxe":2,"minecraft:golden_sword":1,"minecraft:iron_axe":5,"minecraft:stone_axe":1,"minecraft:iron_sword":1,"minecraft:iron_pickaxe":18,"minecraft:iron_helmet":1,"minecraft:stone_shovel":1},"minecraft:picked_up":{"minecraft:wooden_axe":5,"minecraft:charcoal":4,"minecraft:crafting_table":8,"minecraft:chicken":3,"minecraft:ladder":23,"minecraft:stone_slab":88,"minecraft:wooden_pickaxe":1,"minecraft:oak_stairs":113,"minecraft:string":21,"minecraft:stone_stairs":24,"minecraft:iron_axe":3,"minecraft:flint_and_steel":4,"minecraft:iron_shovel":7,"minecraft:glass_pane":17,"minecraft:oak_sign":1,"minecraft:rose_bush":4,"minecraft:wooden_shovel":3,"minecraft:poppy":7,"minecraft:iron_pickaxe":9,"minecraft:chest":12,"minecraft:melon_slice":1,"minecraft:sugar_cane":1,"minecraft:birch_sapling":14,"minecraft:furnace":1,"minecraft:egg":13,"minecraft:stick":88,"minecraft:stone":290,"minecraft:oak_door":9,"minecraft:oak_fence":64,"minecraft:torch":212,"minecraft:spruce_stairs":1,"minecraft:redstone":116,"minecraft:cauldron":3,"minecraft:stone_sword":4,"minecraft:arrow":71,"minecraft:stone_shovel":7,"minecraft:rotten_flesh":153,"minecraft:peony":1,"minecraft:shears":6,"minecraft:gold_ingot":6,"minecraft:mutton":3,"minecraft:white_wool":20,"minecraft:cobblestone":5624,"minecraft:stripped_oak_log":4,"minecraft:birch_log":140,"minecraft:birch_leaves":71,"minecraft:feather":24,"minecraft:lilac":6,"minecraft:black_bed":3,"minecraft:red_mushroom":2,"minecraft:birch_planks":207,"minecraft:flint":65,"minecraft:oak_log":405,"minecraft:gunpowder":5,"minecraft:cobblestone_stairs":2,"minecraft:dirt":3105,"minecraft:white_banner":6,"minecraft:glass":48,"minecraft:bone":97,"minecraft:apple":4,"minecraft:stone_bricks":161,"minecraft:bow":3,"minecraft:wheat_seeds":33,"minecraft:iron_ingot":82,"minecraft:oak_fence_gate":43,"minecraft:stone_pickaxe":1,"minecraft:iron_ore":193,"minecraft:oak_planks":192,"minecraft:oak_slab":25,"minecraft:dandelion":7,"minecraft:gravel":227,"minecraft:sand":153,"minecraft:spruce_sapling":1,"minecraft:spruce_log":598,"minecraft:grass_block":1,"minecraft:gold_ore":19,"minecraft:spider_eye":5,"minecraft:stone_axe":4,"minecraft:oak_sapling":129,"minecraft:coal":1098,"minecraft:oak_leaves":509},"minecraft:used":{"minecraft:oak_fence":48,"minecraft:oak_trapdoor":32,"minecraft:iron_bars":1,"minecraft:iron_shovel":2103,"minecraft:stone_sword":114,"minecraft:flint_and_steel":189,"minecraft:spruce_slab":10,"minecraft:stone_shovel":131,"minecraft:light_gray_carpet":21,"minecraft:ladder":81,"minecraft:oak_sign":6,"minecraft:chest":34,"minecraft:spruce_planks":6,"minecraft:stone":10,"minecraft:iron_sword":468,"minecraft:wooden_shovel":59,"minecraft:netherrack":1,"minecraft:oak_door":18,"minecraft:torch":455,"minecraft:dirt":1189,"minecraft:anvil":2,"minecraft:white_carpet":15,"minecraft:spruce_stairs":37,"minecraft:oak_fence_gate":9,"minecraft:cobblestone_wall":16,"minecraft:stone_stairs":22,"minecraft:dark_oak_planks":13,"minecraft:glass":49,"minecraft:wooden_axe":4,"minecraft:lava_bucket":5,"minecraft:bookshelf":5,"minecraft:iron_axe":1346,"minecraft:quartz_slab":4,"minecraft:grass_block":550,"minecraft:oak_stairs":880,"minecraft:birch_sapling":4,"minecraft:stone_brick_stairs":46,"minecraft:stone_bricks":736,"minecraft:golden_sword":39,"minecraft:bow":21,"minecraft:oak_sapling":3,"minecraft:furnace":6,"minecraft:cooked_mutton":3,"minecraft:water_bucket":29,"minecraft:dark_oak_stairs":10,"minecraft:mossy_stone_bricks":4,"minecraft:cobblestone_stairs":6,"minecraft:birch_planks":904,"minecraft:birch_leaves":11,"minecraft:red_stained_glass":16,"minecraft:stone_pickaxe":262,"minecraft:oak_planks":451,"minecraft:polished_diorite_slab":5,"minecraft:wooden_pickaxe":59,"minecraft:mossy_stone_brick_stairs":5,"minecraft:cauldron":3,"minecraft:stonecutter":1,"minecraft:oak_slab":320,"minecraft:rail":16,"minecraft:red_bed":1,"minecraft:crafting_table":6,"minecraft:black_bed":3,"minecraft:infested_stone_bricks":9,"minecraft:spruce_log":833,"minecraft:shears":282,"minecraft:oak_log":95,"minecraft:flower_pot":1,"minecraft:apple":4,"minecraft:iron_pickaxe":4763,"minecraft:melon_slice":64,"minecraft:cyan_bed":1,"minecraft:cyan_carpet":15,"minecraft:gravel":1,"minecraft:stone_slab":3,"minecraft:stone_axe":132,"minecraft:blue_carpet":15,"minecraft:cobblestone":1235,"minecraft:white_banner":4,"minecraft:bucket":12,"minecraft:glass_pane":115},"minecraft:killed_by":{"minecraft:creeper":4,"minecraft:spider":1,"minecraft:pillager":2,"minecraft:skeleton":7,"minecraft:phantom":2,"minecraft:witch":1,"minecraft:zombie":9},"minecraft:mined":{"minecraft:red_stained_glass":16,"minecraft:cobblestone_stairs":2,"minecraft:ladder":7,"minecraft:grass_block":1177,"minecraft:spruce_leaves":18,"minecraft:redstone_ore":13,"minecraft:furnace":1,"minecraft:iron_ore":201,"minecraft:oak_stairs":103,"minecraft:stone":3678,"minecraft:oak_slab":22,"minecraft:brown_mushroom":1,"minecraft:glass_pane":3,"minecraft:red_bed":1,"minecraft:dandelion":2,"minecraft:oak_fence":30,"minecraft:crafting_table":1,"minecraft:torch":10,"minecraft:poppy":1,"minecraft:chest":10,"minecraft:cobblestone":187,"minecraft:glass":1,"minecraft:stone_slab":2,"minecraft:oak_planks":84,"minecraft:sugar_cane":2,"minecraft:wall_torch":39,"minecraft:cauldron":1,"minecraft:spruce_stairs":1,"minecraft:stone_stairs":11,"minecraft:birch_planks":131,"minecraft:birch_log":132,"minecraft:spruce_log":114,"minecraft:birch_leaves":74,"minecraft:black_bed":1,"minecraft:white_wall_banner":1,"minecraft:grass_path":18,"minecraft:grass":38,"minecraft:coal_ore":566,"minecraft:oak_log":387,"minecraft:oak_fence_gate":9,"minecraft:sand":113,"minecraft:gravel":223,"minecraft:dirt":1295,"minecraft:stone_bricks":34,"minecraft:gold_ore":25,"minecraft:oak_leaves":835,"minecraft:fern":1}},"DataVersion":2230}