{"stat.craftItem.364":81,"stat.mineBlock.67":54,"stat.craftItem.258":3,"stat.mineBlock.24":94,"achievement.acquireIron":65,"stat.craftItem.307":5,"stat.mineBlock.46":1,"stat.craftItem.382":1,"stat.damageDealt":162111,"stat.useItem.50":1838,"stat.breakItem.291":1,"stat.craftItem.116":1,"stat.killEntity.Bat":2,"stat.mineBlock.88":284,"stat.mineBlock.53":4,"achievement.exploreAllBiomes":{"value":0,"progress":["Taiga","Deep Ocean","Extreme Hills","Ocean","TaigaHills","Plains","FrozenRiver","Ice Plains","Hell","Extreme Hills+ M","ForestHills","Forest","Beach","Stone Beach","River","Cold Beach"]},"stat.useItem.292":138,"stat.useItem.324":60,"stat.useItem.24":52,"stat.craftItem.89":126,"stat.mineBlock.54":39,"stat.mineBlock.49":17,"stat.mineBlock.73":337,"stat.useItem.46":559,"stat.mineBlock.97":4,"achievement.cookFish":6,"stat.useItem.49":97,"stat.craftItem.395":2,"stat.killEntity.Sheep":6,"stat.useItem.3":3915,"stat.craftItem.257":63,"stat.mineBlock.37":8,"stat.useItem.126":72,"stat.craftItem.42":3,"stat.useItem.89":818,"achievement.openInventory":1779,"stat.mineBlock.31":220,"stat.killEntity.Cow":53,"stat.useItem.323":72,"stat.mineBlock.153":119,"stat.craftItem.50":1372,"stat.killEntity.Ghast":15,"stat.craftItem.345":5,"stat.useItem.338":118,"stat.useItem.351":197,"stat.useItem.112":4,"stat.useItem.290":4,"stat.breakItem.267":2,"stat.craftItem.266":72,"stat.breakItem.346":1,"stat.craftItem.333":8,"stat.mineBlock.1":10845,"stat.useItem.361":13,"stat.craftItem.278":4,"stat.useItem.23":140,"stat.craftItem.340":68,"achievement.bookcase":46,"stat.useItem.97":42,"stat.craftItem.355":7,"stat.useItem.259":108,"stat.useItem.5":10,"stat.fallOneCm":175532,"stat.breakItem.309":3,"achievement.buildFurnace":24,"stat.useItem.88":198,"stat.mineBlock.171":2,"stat.entityKilledBy.Witch":2,"stat.useItem.47":29,"stat.useItem.354":2,"stat.useItem.269":60,"stat.breakItem.308":2,"stat.craftItem.270":1,"stat.mineBlock.38":4,"achievement.enchantments":1,"stat.craftItem.297":26,"stat.craftItem.371":36,"stat.useItem.270":58,"stat.craftItem.308":5,"stat.craftItem.102":64,"achievement.buildWorkBench":18,"stat.craftItem.259":4,"stat.craftItem.58":14,"stat.useItem.380":6,"stat.craftItem.256":13,"stat.mineBlock.89":187,"achievement.killCow":52,"stat.useItem.87":956,"stat.craftItem.98":416,"stat.craftItem.263":2,"stat.useItem.379":3,"stat.craftItem.324":26,"stat.mineBlock.14":118,"stat.mineBlock.113":2,"stat.useItem.175":6,"achievement.portal":32,"stat.flyOneCm":3450898,"stat.craftItem.320":11,"achievement.buildPickaxe":204,"stat.craftItem.292":1,"stat.mineBlock.61":24,"stat.damageTaken":-2147402746,"stat.useItem.4":1990,"stat.useItem.355":14,"stat.craftItem.323":27,"stat.breakItem.306":5,"stat.entityKilledBy.Spider":1,"stat.craftItem.272":5,"stat.mineBlock.21":48,"stat.mineBlock.39":85,"stat.killEntity.Chicken":7,"stat.mineBlock.78":1,"stat.mineBlock.82":38,"stat.mineBlock.86":38,"stat.mineBlock.126":12,"stat.breakItem.274":24,"stat.craftItem.5":1598,"stat.craftItem.354":2,"stat.entityKilledBy.Creeper":1,"stat.useItem.321":91,"stat.craftItem.291":2,"achievement.potion":40,"stat.craftItem.339":237,"stat.drop":661,"stat.useItem.291":188,"stat.useItem.392":396,"stat.craftItem.46":3,"stat.useItem.356":91,"stat.useItem.154":7,"achievement.makeBread":52,"stat.breakItem.272":2,"stat.craftItem.393":391,"stat.mineBlock.66":75,"stat.mineBlock.12":826,"achievement.diamonds":20,"stat.craftItem.281":8,"stat.craftItem.321":2,"stat.breakItem.307":1,"stat.killEntity.Creeper":45,"stat.craftItem.379":2,"stat.craftItem.262":192,"stat.mineBlock.58":53,"stat.mineBlock.15":768,"stat.useItem.278":38,"stat.craftItem.301":1,"stat.craftItem.267":11,"stat.craftItem.396":3,"stat.killEntity.Enderman":13,"stat.craftItem.398":3,"stat.leaveGame":41,"stat.useItem.6":35,"stat.useItem.158":1,"stat.useItem.258":457,"achievement.buildBetterPickaxe":204,"stat.useItem.295":782,"stat.useItem.61":40,"stat.useItem.362":16,"stat.useItem.85":121,"stat.useItem.372":321,"stat.killEntity.PigZombie":9,"stat.craftItem.126":114,"stat.boatOneCm":115973,"stat.mineBlock.56":17,"stat.useItem.107":6,"achievement.buildSword":31,"stat.craftItem.290":1,"stat.mineBlock.6":5,"stat.craftItem.269":1,"stat.mineBlock.18":279,"achievement.buildHoe":6,"stat.useItem.267":1591,"achievement.mineWood":503,"stat.mineBlock.17":520,"stat.craftItem.376":2,"stat.useItem.17":3,"achievement.killEnemy":692,"stat.useItem.272":435,"stat.mineBlock.20":4,"stat.mineBlock.87":2550,"stat.craftItem.85":78,"stat.killEntity.LavaSlime":119,"achievement.bakeCake":2,"stat.craftItem.20":769,"stat.mineBlock.13":626,"stat.playOneMinute":4695962,"stat.craftItem.322":4,"stat.craftItem.361":12,"stat.craftItem.306":6,"stat.useItem.123":1,"stat.killEntity.Pig":5,"stat.craftItem.275":3,"stat.useItem.76":35,"stat.craftItem.362":8,"stat.diveOneCm":2336345,"stat.useItem.391":135,"stat.useItem.385":10,"stat.breakItem.275":2,"stat.mineBlock.103":62,"stat.useItem.54":95,"stat.craftItem.351":246,"stat.killEntity.Spider":44,"stat.killEntity.Slime":25,"stat.useItem.273":2643,"achievement.ghast":13,"stat.craftItem.22":29,"stat.mineBlock.112":104,"stat.useItem.116":1,"stat.craftItem.1":430,"stat.useItem.383":8,"stat.animalsBred":105,"stat.useItem.79":1,"stat.breakItem.273":17,"stat.breakItem.259":1,"stat.craftItem.282":13,"stat.entityKilledBy.Skeleton":1,"stat.useItem.22":4270,"stat.craftItem.261":8,"stat.craftItem.280":1042,"stat.useItem.275":538,"stat.useItem.397":27,"stat.playerKills":2,"stat.craftItem.380":2,"stat.useItem.77":4,"stat.useItem.35":2,"stat.killEntity.Silverfish":47,"stat.breakItem.270":1,"stat.craftItem.325":5,"stat.entityKilledBy.Zombie":2,"stat.craftItem.265":591,"stat.craftItem.346":3,"stat.mineBlock.16":1409,"stat.craftItem.359":2,"stat.breakItem.257":51,"stat.useItem.256":3181,"achievement.breedCow":94,"stat.craftItem.44":12,"stat.craftItem.377":2,"stat.useItem.268":73,"stat.mobKills":795,"stat.useItem.98":229,"stat.craftItem.145":1,"stat.craftItem.350":5,"stat.killEntity.Zombie":233,"stat.useItem.257":14136,"stat.useItem.276":22,"stat.breakItem.268":1,"stat.killEntity.Blaze":24,"stat.craftItem.47":24,"stat.mineBlock.4":1003,"stat.craftItem.273":29,"stat.mineBlock.145":1,"stat.mineBlock.5":158,"stat.mineBlock.44":2,"stat.breakItem.256":12,"stat.useItem.101":32,"stat.craftItem.400":6,"stat.useItem.58":62,"stat.swimOneCm":1223371,"stat.fishCaught":10,"stat.craftItem.268":2,"stat.killEntity.Skeleton":112,"stat.walkOneCm":19831663,"stat.useItem.274":3479,"stat.useItem.145":2,"stat.useItem.44":10,"achievement.blazeRod":13,"stat.useItem.7":48,"achievement.snipeSkeleton":1,"stat.jump":16344,"stat.craftItem.347":1,"stat.mineBlock.30":21,"stat.useItem.13":161,"stat.killEntity.Witch":17,"stat.useItem.12":1110,"stat.craftItem.61":17,"stat.deaths":13,"stat.mineBlock.3":4422,"stat.craftItem.374":21,"stat.mineBlock.98":5,"stat.craftItem.54":51,"stat.useItem.67":172,"stat.useItem.1":622,"stat.mineBlock.50":310,"stat.useItem.20":127,"stat.useItem.331":864,"stat.craftItem.309":6,"stat.craftItem.67":156,"stat.mineBlock.102":4,"stat.killEntity.Squid":4,"stat.mineBlock.85":53,"stat.craftItem.353":7,"stat.useItem.102":63,"stat.mineBlock.129":19,"stat.mineBlock.175":37,"stat.breakItem.269":1,"stat.craftItem.107":6,"stat.craftItem.366":4,"stat.craftItem.274":39}