{"stats":{"minecraft:picked_up":{"minecraft:birch_log":8,"minecraft:wheat":186,"minecraft:azure_bluet":1,"minecraft:filled_map":7,"minecraft:flint":4,"minecraft:oak_log":56,"minecraft:gunpowder":6,"minecraft:cobblestone_stairs":3,"minecraft:paper":16,"minecraft:dirt":275,"minecraft:lapis_lazuli":55,"minecraft:string":13,"minecraft:compass":1,"minecraft:bone":12,"minecraft:apple":1,"minecraft:bow":1,"minecraft:wheat_seeds":535,"minecraft:rose_bush":1,"minecraft:stone_pickaxe":1,"minecraft:iron_ore":161,"minecraft:redstone_torch":1,"minecraft:poppy":7,"minecraft:sugar_cane":155,"minecraft:birch_sapling":1,"minecraft:oak_planks":14,"minecraft:egg":24,"minecraft:stick":5,"minecraft:torch":54,"minecraft:dandelion":7,"minecraft:gravel":52,"minecraft:sand":1,"minecraft:spruce_sapling":2,"minecraft:white_bed":2,"minecraft:redstone":210,"minecraft:gold_ore":27,"minecraft:stone_sword":1,"minecraft:arrow":11,"minecraft:rotten_flesh":26,"minecraft:diamond":6,"minecraft:emerald":4,"minecraft:oak_sapling":14,"minecraft:coal":272,"minecraft:cobblestone":2652,"minecraft:oxeye_daisy":17},"minecraft:custom":{"minecraft:interact_with_furnace":67,"minecraft:mob_kills":30,"minecraft:interact_with_cartography_table":5,"minecraft:interact_with_crafting_table":58,"minecraft:play_one_minute":670350,"minecraft:leave_game":11,"minecraft:time_since_death":599313,"minecraft:sleep_in_bed":8,"minecraft:climb_one_cm":5437,"minecraft:time_since_rest":4453,"minecraft:sprint_one_cm":826613,"minecraft:damage_taken":2652,"minecraft:walk_one_cm":3016392,"minecraft:trigger_trapped_chest":6,"minecraft:drop":38,"minecraft:damage_dealt":5046,"minecraft:minecart_one_cm":134650,"minecraft:talked_to_villager":1,"minecraft:fly_one_cm":1815186,"minecraft:open_chest":231,"minecraft:crouch_one_cm":18792,"minecraft:deaths":4,"minecraft:sneak_time":10487,"minecraft:walk_under_water_one_cm":31650,"minecraft:jump":3846,"minecraft:walk_on_water_one_cm":156165,"minecraft:fall_one_cm":36402},"minecraft:broken":{"minecraft:stone_pickaxe":5,"minecraft:stone_sword":2,"minecraft:stone_axe":1,"minecraft:iron_pickaxe":9,"minecraft:stone_shovel":2},"minecraft:killed_by":{"minecraft:skeleton":1},"minecraft:killed":{"minecraft:spider":1,"minecraft:creeper":1,"minecraft:skeleton":8,"minecraft:zombie":13,"minecraft:silverfish":6},"minecraft:crafted":{"minecraft:wooden_sword":1,"minecraft:oak_planks":188,"minecraft:wooden_shovel":1,"minecraft:stone_shovel":1,"minecraft:map":9,"minecraft:crafting_table":2,"minecraft:wooden_pickaxe":1,"minecraft:iron_helmet":1,"minecraft:furnace":1,"minecraft:cobblestone_stairs":256,"minecraft:stone":5,"minecraft:bucket":2,"minecraft:birch_planks":28,"minecraft:bread":83,"minecraft:air":0,"minecraft:cartography_table":1,"minecraft:paper":105,"minecraft:iron_boots":1,"minecraft:iron_chestplate":1,"minecraft:charcoal":10,"minecraft:iron_axe":2,"minecraft:stick":236,"minecraft:iron_ingot":160,"minecraft:compass":10,"minecraft:iron_pickaxe":10,"minecraft:stone_pickaxe":4,"minecraft:stone_sword":1,"minecraft:chest":4,"minecraft:iron_leggings":1,"minecraft:gold_ingot":26,"minecraft:torch":288,"minecraft:stone_hoe":1},"minecraft:used":{"minecraft:wheat_seeds":192,"minecraft:water_bucket":32,"minecraft:stone_sword":253,"minecraft:cobblestone_stairs":53,"minecraft:birch_planks":3,"minecraft:stone_shovel":273,"minecraft:stone_pickaxe":658,"minecraft:oak_planks":3,"minecraft:cartography_table":1,"minecraft:chest":4,"minecraft:wooden_pickaxe":2,"minecraft:wooden_shovel":18,"minecraft:sugar_cane":4,"minecraft:stone_hoe":5,"minecraft:torch":293,"minecraft:dirt":132,"minecraft:crafting_table":2,"minecraft:white_bed":2,"minecraft:map":6,"minecraft:bread":47,"minecraft:iron_pickaxe":2493,"minecraft:stone_axe":115,"minecraft:wooden_sword":8,"minecraft:cobblestone":334,"minecraft:furnace":1,"minecraft:oak_sapling":14,"minecraft:bucket":34},"minecraft:mined":{"minecraft:diamond_ore":6,"minecraft:white_bed":1,"minecraft:oak_sapling":1,"minecraft:cobblestone_stairs":3,"minecraft:crafting_table":1,"minecraft:dandelion":7,"minecraft:torch":1,"minecraft:emerald_ore":4,"minecraft:grass_block":109,"minecraft:poppy":7,"minecraft:spruce_leaves":12,"minecraft:cobblestone":41,"minecraft:lapis_ore":8,"minecraft:oak_planks":3,"minecraft:sugar_cane":78,"minecraft:oxeye_daisy":14,"minecraft:wall_torch":26,"minecraft:redstone_ore":47,"minecraft:birch_log":8,"minecraft:iron_ore":162,"minecraft:wheat":187,"minecraft:azure_bluet":1,"minecraft:grass":88,"minecraft:oak_log":55,"minecraft:coal_ore":273,"minecraft:gravel":57,"minecraft:sand":1,"minecraft:dirt":117,"minecraft:stone":2553,"minecraft:gold_ore":28,"minecraft:oak_leaves":130,"minecraft:infested_stone":2},"minecraft:dropped":{"minecraft:compass":1,"minecraft:oak_planks":11,"minecraft:filled_map":9,"minecraft:dirt":1,"minecraft:paper":16}},"DataVersion":2230}