{"stat.useItem.130":8,"achievement.openInventory":42,"stat.useItem.279":5,"stat.damageDealt":500,"stat.useItem.3":11,"achievement.exploreAllBiomes":{"value":0,"progress":["Forest","Deep Ocean","Taiga","Ocean","Extreme Hills","Beach","TaigaHills","River"]},"stat.useItem.50":1,"stat.killEntity.Cow":1,"stat.useItem.323":2,"stat.fallOneCm":211,"stat.flyOneCm":141517,"stat.damageTaken":90,"stat.useItem.88":13,"stat.useItem.321":181,"stat.useItem.76":2,"stat.useItem.120":1,"stat.playOneMinute":116008,"stat.leaveGame":3,"stat.useItem.54":1,"stat.jump":143,"stat.useItem.1":2,"stat.swimOneCm":154,"stat.mobKills":1,"stat.useItem.397":27,"stat.walkOneCm":286070,"stat.playerKills":1}