{"stats":{"minecraft:picked_up":{"minecraft:crafting_table":3,"minecraft:wheat":7,"minecraft:dolphin_spawn_egg":2,"minecraft:clay_ball":212,"minecraft:prismarine_shard":2,"minecraft:lead":2,"minecraft:potion":40,"minecraft:lapis_block":1,"minecraft:music_disc_cat":3,"minecraft:string":56,"minecraft:sticky_piston":2,"minecraft:pufferfish":9,"minecraft:salmon_spawn_egg":1,"minecraft:rose_bush":3,"minecraft:redstone_torch":107,"minecraft:poppy":2,"minecraft:observer":1,"minecraft:wooden_shovel":1,"minecraft:smooth_quartz":1,"minecraft:chest":2,"minecraft:birch_sapling":3,"minecraft:phantom_membrane":1,"minecraft:egg":11,"minecraft:stick":3,"minecraft:oak_door":1,"minecraft:torch":27,"minecraft:stone_button":10,"minecraft:redstone":58,"minecraft:quartz_block":21,"minecraft:stone_shovel":1,"minecraft:rotten_flesh":59,"minecraft:arrow":80,"minecraft:tropical_fish":3,"minecraft:nether_bricks":1,"minecraft:iron_block":128,"minecraft:glowstone":1,"minecraft:obsidian":1,"minecraft:white_wool":6,"minecraft:cod":3,"minecraft:rail":3,"minecraft:cobblestone":25,"minecraft:magma_block":3,"minecraft:repeater":17,"minecraft:cod_spawn_egg":2,"minecraft:salmon":3,"minecraft:filled_map":8,"minecraft:oak_log":11,"minecraft:gunpowder":27,"minecraft:dirt":153,"minecraft:paper":16,"minecraft:white_banner":1,"minecraft:bone":73,"minecraft:stone_bricks":2,"minecraft:bow":1,"minecraft:wheat_seeds":43,"minecraft:iron_ingot":6,"minecraft:iron_ore":7,"minecraft:glass_bottle":2,"minecraft:oak_planks":15,"minecraft:iron_sword":1,"minecraft:gravel":2,"minecraft:sand":8,"minecraft:ink_sac":6,"minecraft:white_bed":1,"minecraft:spruce_log":11,"minecraft:gold_ore":1,"minecraft:tropical_fish_spawn_egg":2,"minecraft:slime_block":1,"minecraft:oak_sapling":8,"minecraft:coal":4,"minecraft:ender_pearl":5},"minecraft:custom":{"minecraft:mob_kills":42,"minecraft:animals_bred":2,"minecraft:interact_with_crafting_table":25,"minecraft:leave_game":28,"minecraft:time_since_death":36451,"minecraft:climb_one_cm":8562,"minecraft:sprint_one_cm":302266,"minecraft:walk_one_cm":3785303,"minecraft:damage_blocked_by_shield":90,"minecraft:drop":154,"minecraft:talked_to_villager":1,"minecraft:sneak_time":37457,"minecraft:deaths":5,"minecraft:walk_under_water_one_cm":151729,"minecraft:jump":3923,"minecraft:walk_on_water_one_cm":215053,"minecraft:interact_with_furnace":6,"minecraft:interact_with_cartography_table":5,"minecraft:play_one_minute":2076281,"minecraft:interact_with_stonecutter":1,"minecraft:sleep_in_bed":6,"minecraft:time_since_rest":93,"minecraft:damage_taken":2138,"minecraft:trigger_trapped_chest":3,"minecraft:minecart_one_cm":755406,"minecraft:damage_dealt":8460,"minecraft:fly_one_cm":10814469,"minecraft:open_chest":139,"minecraft:crouch_one_cm":26146,"minecraft:fall_one_cm":19650},"minecraft:killed_by":{"minecraft:pillager":1,"minecraft:skeleton":1,"minecraft:phantom":1,"minecraft:zombie":1},"minecraft:killed":{"minecraft:spider":1,"minecraft:phantom":2,"minecraft:skeleton":12,"minecraft:creeper":13,"minecraft:pillager":3,"minecraft:zombie":10},"minecraft:crafted":{"minecraft:oak_door":3,"minecraft:oak_planks":48,"minecraft:bone_meal":15,"minecraft:iron_boots":2,"minecraft:iron_axe":1,"minecraft:chest":2,"minecraft:diamond_sword":1,"minecraft:baked_potato":15,"minecraft:iron_helmet":2,"minecraft:air":0,"minecraft:iron_chestplate":2,"minecraft:paper":6,"minecraft:shield":1,"minecraft:stick":24,"minecraft:iron_pickaxe":2,"minecraft:compass":1,"minecraft:iron_shovel":1,"minecraft:iron_leggings":2,"minecraft:white_bed":2,"minecraft:torch":48,"minecraft:shears":1},"minecraft:used":{"minecraft:nether_brick_fence":18,"minecraft:rose_bush":3,"minecraft:stone_sword":8,"minecraft:iron_shovel":160,"minecraft:acacia_log":1,"minecraft:flint_and_steel":45,"minecraft:carved_pumpkin":52,"minecraft:redstone_ore":52,"minecraft:redstone":155,"minecraft:pufferfish_spawn_egg":11,"minecraft:ladder":1,"minecraft:silverfish_spawn_egg":6,"minecraft:spruce_planks":1,"minecraft:chest":5,"minecraft:stone":95,"minecraft:iron_sword":43,"minecraft:zombie_spawn_egg":4,"minecraft:netherrack":63,"minecraft:oak_door":7,"minecraft:torch":52,"minecraft:dirt":327,"minecraft:skeleton_spawn_egg":1,"minecraft:jungle_planks":1,"minecraft:nether_bricks":4,"minecraft:stone_stairs":2,"minecraft:stripped_spruce_log":1,"minecraft:obsidian":106,"minecraft:glass":1057,"minecraft:dark_oak_planks":1,"minecraft:packed_ice":48,"minecraft:lava_bucket":30,"minecraft:iron_axe":19,"minecraft:iron_block":211,"minecraft:grass_block":31,"minecraft:birch_sapling":1,"minecraft:slime_block":25,"minecraft:jungle_log":1,"minecraft:quartz_block":80,"minecraft:tropical_fish_spawn_egg":17,"minecraft:smooth_quartz":50,"minecraft:stone_brick_stairs":85,"minecraft:stone_bricks":7,"minecraft:bedrock":1,"minecraft:dolphin_spawn_egg":2,"minecraft:glowstone":155,"minecraft:repeater":51,"minecraft:magma_block":3160,"minecraft:salmon_spawn_egg":5,"minecraft:podzol":49,"minecraft:minecart":14,"minecraft:egg":2,"minecraft:stone_pressure_plate":2,"minecraft:potato":1,"minecraft:acacia_planks":1,"minecraft:observer":79,"minecraft:wheat_seeds":31,"minecraft:water_bucket":119,"minecraft:cobblestone_stairs":15,"minecraft:stripped_acacia_log":1,"minecraft:birch_planks":7,"minecraft:stripped_birch_log":1,"minecraft:elder_guardian_spawn_egg":1,"minecraft:baked_potato":11,"minecraft:powered_rail":323,"minecraft:red_nether_bricks":3,"minecraft:oak_planks":29,"minecraft:redstone_block":30,"minecraft:rail":371,"minecraft:stripped_dark_oak_log":1,"minecraft:crafting_table":2,"minecraft:white_bed":2,"minecraft:campfire":141,"minecraft:squid_spawn_egg":2,"minecraft:spruce_log":1,"minecraft:redstone_torch":299,"minecraft:oak_log":14,"minecraft:sticky_piston":95,"minecraft:piston":24,"minecraft:lever":6,"minecraft:activator_rail":19,"minecraft:stripped_jungle_log":1,"minecraft:dark_oak_log":1,"minecraft:iron_pickaxe":24,"minecraft:bread":2,"minecraft:melon_slice":11,"minecraft:oak_button":2,"minecraft:stone_button":28,"minecraft:stone_slab":22,"minecraft:red_terracotta":1,"minecraft:fire_coral_block":8,"minecraft:nether_wart_block":5,"minecraft:diamond_sword":246,"minecraft:cod_spawn_egg":3,"minecraft:cobblestone":445,"minecraft:potion":1,"minecraft:stripped_oak_wood":1,"minecraft:birch_log":1,"minecraft:bucket":31,"minecraft:lapis_block":874,"minecraft:ice":14,"minecraft:stripped_oak_log":1,"minecraft:bone_meal":5},"minecraft:mined":{"minecraft:white_bed":1,"minecraft:grass_block":23,"minecraft:spruce_leaves":70,"minecraft:iron_ore":6,"minecraft:stone":17,"minecraft:clay":55,"minecraft:poppy":2,"minecraft:wall_torch":2,"minecraft:spruce_log":8,"minecraft:grass":165,"minecraft:oak_log":7,"minecraft:gravel":1,"minecraft:dirt":82,"minecraft:oak_leaves":12,"minecraft:fern":5},"minecraft:dropped":{"minecraft:iron_ingot":3,"minecraft:birch_planks":1,"minecraft:wheat_seeds":5,"minecraft:oak_log":2,"minecraft:crafting_table":1,"minecraft:cobblestone":4,"minecraft:observer":1,"minecraft:black_bed":1,"minecraft:jungle_planks":1,"minecraft:stripped_jungle_log":1,"minecraft:tropical_fish":1,"minecraft:coal":64,"minecraft:pufferfish":3,"minecraft:iron_block":1,"minecraft:dirt":17,"minecraft:torch":13,"minecraft:repeater":18,"minecraft:wooden_axe":1,"minecraft:potion":40,"minecraft:white_banner":1,"minecraft:sand":8,"minecraft:paper":16,"minecraft:iron_shovel":1,"minecraft:dark_oak_planks":1,"minecraft:string":21,"minecraft:bucket":1,"minecraft:acacia_planks":1,"minecraft:redstone":36,"minecraft:bone":31,"minecraft:stone_sword":2,"minecraft:sticky_piston":1,"minecraft:birch_sapling":2,"minecraft:stone_shovel":2,"minecraft:stripped_dark_oak_log":1,"minecraft:rotten_flesh":18,"minecraft:oak_planks":12,"minecraft:stone_stairs":1,"minecraft:dolphin_spawn_egg":1,"minecraft:white_bed":1,"minecraft:skeleton_spawn_egg":1,"minecraft:nether_bricks":1,"minecraft:shears":2,"minecraft:filled_map":6,"minecraft:diamond_sword":1,"minecraft:poppy":2,"minecraft:leather_chestplate":1,"minecraft:cod_spawn_egg":1,"minecraft:gunpowder":15,"minecraft:spruce_planks":1,"minecraft:leather_boots":1,"minecraft:oak_sapling":2,"minecraft:chest":1,"minecraft:wooden_shovel":1,"minecraft:carved_pumpkin":1,"minecraft:leather_leggings":1,"minecraft:redstone_torch":65,"minecraft:stone_bricks":2,"minecraft:stripped_acacia_log":1,"minecraft:arrow":33,"minecraft:campfire":1,"minecraft:glass":1,"minecraft:stone_pickaxe":2,"minecraft:magma_block":2,"minecraft:egg":5}},"DataVersion":2230}