{"stat.mineBlock.67":9,"stat.useItem.3":5,"stat.craftItem.257":2,"achievement.exploreAllBiomes":{"value":0,"progress":["Forest","Deep Ocean","Taiga","Ocean","Extreme Hills","Beach","TaigaHills","Ice Plains","FrozenRiver","River","Cold Beach","ForestHills"]},"stat.useItem.324":14,"stat.useItem.53":10,"stat.mineBlock.1":1874,"achievement.openInventory":133,"stat.craftItem.307":1,"stat.damageDealt":7250,"stat.mineBlock.31":2,"stat.useItem.50":626,"stat.useItem.259":2,"stat.useItem.323":2,"stat.useItem.5":1685,"stat.fallOneCm":44211,"stat.craftItem.308":1,"stat.flyOneCm":1246421,"stat.mineBlock.86":2,"stat.breakItem.274":1,"stat.mineBlock.61":13,"stat.damageTaken":5315,"stat.useItem.4":4062,"stat.useItem.355":2,"stat.useItem.86":28,"stat.craftItem.256":1,"stat.drop":96,"stat.mineBlock.78":263,"stat.craftItem.267":1,"stat.killEntity.Enderman":2,"stat.leaveGame":21,"stat.diveOneCm":155987,"stat.useItem.356":1,"stat.useItem.267":114,"stat.useItem.54":22,"stat.killEntity.Spider":5,"stat.useItem.61":7,"stat.mineBlock.20":2,"stat.useItem.273":264,"stat.useItem.85":114,"stat.useItem.80":63,"stat.killEntity.Creeper":4,"stat.useItem.383":38,"stat.breakItem.273":2,"stat.mineBlock.58":1,"stat.playOneMinute":747418,"stat.boatOneCm":38756,"stat.useItem.278":1449,"stat.craftItem.306":1,"stat.mineBlock.18":2,"stat.useItem.22":1,"stat.useItem.58":3,"stat.craftItem.80":64,"stat.craftItem.280":16,"stat.swimOneCm":66292,"stat.killEntity.Skeleton":8,"stat.walkOneCm":3778896,"stat.useItem.274":132,"stat.playerKills":1,"stat.jump":2198,"stat.useItem.13":4,"stat.mineBlock.16":32,"stat.breakItem.257":2,"stat.deaths":1,"stat.mineBlock.3":48,"stat.mobKills":35,"stat.killEntity.Zombie":10,"stat.useItem.257":492,"stat.useItem.67":30,"stat.useItem.1":335,"stat.mineBlock.50":7,"stat.useItem.20":1844,"stat.useItem.331":2,"stat.craftItem.309":1,"stat.craftItem.67":12,"stat.mineBlock.4":124,"stat.mineBlock.85":1,"stat.craftItem.273":2,"stat.mineBlock.5":1,"stat.mineBlock.175":1}