{"stat.walkOneCm":465379,"stat.useItem.minecraft.chest":2,"stat.leaveGame":2,"stat.mineBlock.minecraft.cobblestone":1,"stat.useItem.minecraft.apple":2,"stat.killEntity.Creeper":1,"stat.useItem.minecraft.carpet":2,"stat.jump":329,"stat.swimOneCm":18620,"stat.fallOneCm":5687,"stat.useItem.minecraft.planks":2,"stat.climbOneCm":200,"stat.useItem.minecraft.cooked_mutton":5,"stat.sprintOneCm":79456,"achievement.exploreAllBiomes":{"value":0,"progress":["ForestHills","Beach","Forest","River","Ocean","Taiga","Extreme Hills","TaigaHills","Hell","Deep Ocean"]},"stat.craftItem.minecraft.stick":16,"stat.killEntity.Skeleton":2,"stat.boatOneCm":3933,"achievement.openInventory":13,"stat.craftItem.minecraft.planks":20,"stat.useItem.minecraft.iron_sword":13,"stat.damageTaken":516,"stat.mobKills":5,"stat.mineBlock.minecraft.carpet":1,"stat.flyOneCm":12133,"stat.mineBlock.minecraft.leaves":2,"stat.playOneMinute":67207,"stat.craftItem.minecraft.iron_pickaxe":2,"stat.damageDealt":805,"stat.killEntity.Zombie":2,"stat.timeSinceDeath":67207,"stat.useItem.minecraft.iron_pickaxe":1,"stat.craftItem.minecraft.iron_sword":2,"stat.diveOneCm":13060}