{"stats":{"minecraft:killed":{"minecraft:sheep":12,"minecraft:silverfish":31,"minecraft:skeleton":58,"minecraft:spider":44,"minecraft:bat":6,"minecraft:zombie":110,"minecraft:pig":13,"minecraft:witch":8,"minecraft:chicken":56,"minecraft:mooshroom":16,"minecraft:creeper":44,"minecraft:squid":2,"minecraft:enderman":6,"minecraft:cow":22,"minecraft:ghast":4},"minecraft:custom":{"minecraft:time_since_rest":50670,"minecraft:play_one_minute":5654135,"minecraft:crouch_one_cm":3447,"minecraft:sprint_one_cm":27774,"minecraft:damage_taken":-2147432859,"minecraft:walk_one_cm":16715413,"minecraft:deaths":17,"minecraft:sneak_time":220,"minecraft:walk_under_water_one_cm":988951,"minecraft:mob_kills":476,"minecraft:boat_one_cm":132718,"minecraft:drop":1136,"minecraft:jump":14598,"minecraft:damage_dealt":83558,"minecraft:leave_game":90,"minecraft:time_since_death":129185,"minecraft:walk_on_water_one_cm":845355,"minecraft:climb_one_cm":1309,"minecraft:fly_one_cm":16449894,"minecraft:fall_one_cm":223174,"minecraft:player_kills":9},"minecraft:picked_up":{"minecraft:bone":1},"minecraft:used":{"minecraft:oak_fence":2,"minecraft:netherrack":10,"minecraft:torch":25,"minecraft:cobblestone":30,"minecraft:lapis_block":26,"minecraft:chest":6,"minecraft:diamond_sword":25,"minecraft:glass":7},"minecraft:killed_by":{"minecraft:skeleton":2,"minecraft:witch":1,"minecraft:zombie":4}},"DataVersion":2230}