{"stat.mineBlock.134":4,"stat.drop":1,"stat.fallOneCm":3823,"stat.mineBlock.5":7,"stat.craftItem.261":1,"stat.useItem.134":3,"stat.flyOneCm":5032,"stat.leaveGame":1,"achievement.openInventory":5,"stat.jump":105,"stat.useItem.175":2,"achievement.exploreAllBiomes":{"value":0,"progress":["Forest","Taiga","Extreme Hills","TaigaHills","River"]},"stat.mobKills":4,"stat.useItem.392":29,"stat.damageTaken":1065,"stat.useItem.267":14,"stat.walkOneCm":175095,"stat.swimOneCm":55,"stat.useItem.4":8,"stat.useItem.5":6,"stat.deaths":1,"stat.damageDealt":1050,"stat.playOneMinute":35719,"stat.killEntity.Zombie":4}