{"stat.useItem.323":1,"stat.fallOneCm":11232,"achievement.openInventory":1,"stat.jump":444,"stat.mineBlock.50":1,"achievement.exploreAllBiomes":{"value":0,"progress":["Sunflower Plains","Taiga","Deep Ocean","Extreme Hills","Ocean","TaigaHills","Plains","ForestHills","Cold Taiga","Extreme Hills+ M","Forest","Beach","River","Stone Beach"]},"stat.killEntity.Skeleton":1,"stat.mobKills":3,"stat.mineBlock.31":7,"stat.useItem.3":3,"stat.useItem.58":1,"stat.damageTaken":5050,"stat.deaths":8,"stat.craftItem.333":1,"stat.mineBlock.58":2,"stat.entityKilledBy.Spider":1,"stat.mineBlock.37":1,"stat.mineBlock.38":5,"stat.useItem.12":4,"stat.damageDealt":780,"stat.killEntity.Zombie":2,"stat.drop":27,"stat.useItem.24":1,"stat.flyOneCm":11900,"stat.leaveGame":1,"stat.mineBlock.3":2,"stat.mineBlock.18":3,"stat.mineBlock.17":5,"stat.mineBlock.175":4,"stat.swimOneCm":25359,"stat.diveOneCm":16658,"stat.walkOneCm":290997,"stat.boatOneCm":41869,"stat.entityKilledBy.Zombie":6,"stat.mineBlock.12":3,"stat.craftItem.5":8,"stat.playOneMinute":53912}