{"stat.useItem.143":6,"stat.craftItem.306":1,"stat.craftItem.307":1,"stat.craftItem.308":1,"stat.craftItem.309":1,"stat.craftItem.35":29,"stat.climbOneCm":7524,"stat.useItem.290":4,"stat.craftItem.107":1,"stat.mineBlock.1":1854,"stat.mineBlock.5":127,"stat.useItem.135":9,"stat.mineBlock.4":123,"stat.mineBlock.3":389,"stat.craftItem.24":4,"stat.mineBlock.6":1,"stat.useItem.274":2381,"stat.craftItem.20":56,"stat.useItem.273":694,"stat.diveOneCm":54305,"stat.useItem.275":263,"stat.craftItem.323":9,"stat.craftItem.321":6,"stat.craftItem.320":17,"stat.craftItem.58":2,"stat.craftItem.53":12,"stat.craftItem.54":18,"stat.useItem.267":101,"stat.deaths":8,"stat.fishCaught":27,"stat.useItem.272":13,"stat.useItem.270":19,"stat.useItem.171":58,"stat.useItem.259":76,"stat.killEntity.LavaSlime":1,"stat.craftItem.45":11,"stat.craftItem.46":2,"stat.useItem.258":208,"stat.useItem.257":44,"stat.craftItem.44":6,"stat.killEntity.Creeper":2,"stat.breakItem.258":1,"stat.fallOneCm":72164,"stat.breakItem.257":1,"stat.craftItem.72":2,"stat.useItem.392":167,"stat.damageTaken":18435,"stat.useItem.390":5,"stat.useItem.391":4,"stat.craftItem.350":22,"stat.craftItem.351":23,"stat.craftItem.353":200,"stat.animalsBred":3,"stat.craftItem.355":3,"stat.damageDealt":7915,"stat.craftItem.67":24,"stat.craftItem.65":6,"stat.leaveGame":26,"stat.craftItem.61":2,"stat.mineBlock.18":238,"stat.mineBlock.17":221,"stat.useItem.175":47,"stat.breakItem.346":1,"stat.useItem.380":2,"stat.mineBlock.13":14,"stat.mineBlock.16":101,"stat.entityKilledBy.Zombie":1,"stat.mineBlock.15":19,"stat.mineBlock.12":410,"stat.craftItem.366":1,"stat.craftItem.364":26,"stat.craftItem.5":544,"achievement.mineWood":210,"stat.craftItem.96":14,"stat.useItem.85":19,"stat.useItem.86":2,"stat.useItem.87":81,"stat.craftItem.98":60,"stat.useItem.88":1,"stat.junkFished":3,"stat.mobKills":40,"stat.craftItem.324":7,"stat.craftItem.1":94,"stat.craftItem.330":1,"stat.craftItem.91":1,"stat.useItem.295":112,"stat.useItem.96":20,"stat.craftItem.85":18,"stat.flyOneCm":32071,"stat.useItem.98":63,"stat.craftItem.336":34,"stat.mineBlock.103":11,"stat.useItem.6":36,"stat.mineBlock.143":1,"stat.craftItem.390":2,"achievement.openInventory":578,"achievement.buildFurnace":1,"stat.jump":3514,"stat.mineBlock.50":64,"achievement.exploreAllBiomes":{"value":0,"progress":["Forest","Taiga","Extreme Hills","Ocean","Beach","TaigaHills","Plains","River","Stone Beach","Hell","Extreme Hills+ M","ForestHills"]},"stat.useItem.1":45,"stat.craftItem.393":67,"stat.killEntity.Skeleton":9,"stat.useItem.3":174,"stat.useItem.58":5,"stat.killEntity.Witch":1,"stat.useItem.4":512,"stat.mineBlock.54":6,"stat.useItem.5":356,"stat.mineBlock.53":5,"stat.useItem.54":22,"stat.useItem.53":17,"stat.mineBlock.58":3,"stat.useItem.50":128,"stat.craftItem.266":50,"stat.mineBlock.135":2,"stat.craftItem.265":168,"stat.craftItem.262":40,"stat.useItem.330":12,"achievement.buildWorkBench":2,"stat.useItem.46":3,"stat.mineBlock.44":2,"stat.useItem.45":9,"stat.mineBlock.46":1,"stat.useItem.44":6,"stat.craftItem.258":1,"stat.craftItem.275":2,"stat.craftItem.274":29,"stat.craftItem.273":2,"stat.craftItem.272":2,"stat.mineBlock.31":7,"stat.useItem.362":2,"stat.useItem.72":2,"stat.mineBlock.37":6,"stat.mineBlock.38":5,"stat.mineBlock.35":1,"stat.breakItem.270":1,"stat.breakItem.275":2,"stat.craftItem.171":48,"stat.breakItem.273":4,"stat.breakItem.274":16,"stat.killEntity.Zombie":21,"stat.breakItem.259":1,"achievement.buildSword":1,"stat.craftItem.380":2,"stat.mineBlock.20":6,"stat.useItem.355":2,"stat.craftItem.280":232,"stat.useItem.61":2,"stat.mineBlock.24":150,"stat.useItem.67":28,"stat.useItem.65":7,"achievement.killEnemy":14,"stat.useItem.18":51,"stat.useItem.17":7,"stat.craftItem.290":1,"stat.useItem.13":5,"stat.mineBlock.98":1,"stat.craftItem.297":125,"stat.useItem.107":1,"achievement.buildPickaxe":30,"stat.useItem.12":302,"stat.drop":613,"stat.mineBlock.85":5,"stat.mineBlock.86":12,"stat.mineBlock.87":130,"stat.mineBlock.88":8,"stat.mineBlock.89":16,"stat.killEntity.Squid":3,"stat.mineBlock.175":16,"stat.swimOneCm":72939,"stat.walkOneCm":3992708,"achievement.buildBetterPickaxe":30,"stat.useItem.321":53,"stat.useItem.35":9,"stat.useItem.38":4,"stat.useItem.324":13,"stat.useItem.37":2,"stat.useItem.323":15,"stat.mineBlock.73":2,"stat.killEntity.Chicken":1,"stat.entityKilledBy.Creeper":1,"stat.mineBlock.171":13,"stat.craftItem.135":12,"stat.killEntity.Spider":1,"stat.mineBlock.65":1,"stat.useItem.24":129,"stat.mineBlock.67":12,"stat.treasureFished":2,"stat.playOneMinute":1325556,"stat.craftItem.143":3,"stat.useItem.20":33}