{"stat.useItem.6":6,"stat.fallOneCm":21059,"achievement.openInventory":27,"stat.jump":532,"stat.mineBlock.50":3,"achievement.exploreAllBiomes":{"value":0,"progress":["Forest","Taiga","Extreme Hills","TaigaHills","River"]},"stat.useItem.392":29,"stat.useItem.58":2,"stat.damageTaken":2425,"stat.useItem.3":26,"stat.useItem.4":36,"stat.useItem.5":96,"stat.useItem.50":7,"stat.damageDealt":650,"stat.mineBlock.1":70,"stat.drop":47,"stat.mineBlock.5":3,"stat.mineBlock.4":2,"stat.craftItem.261":1,"stat.leaveGame":2,"stat.mineBlock.3":86,"stat.craftItem.61":2,"stat.craftItem.263":1,"stat.mineBlock.18":145,"stat.mineBlock.17":33,"stat.craftItem.359":1,"achievement.buildWorkBench":2,"stat.useItem.274":73,"stat.swimOneCm":11313,"stat.walkOneCm":319038,"stat.diveOneCm":3336,"stat.useItem.275":129,"stat.craftItem.5":116,"achievement.mineWood":33,"stat.craftItem.58":2,"stat.craftItem.275":2,"stat.craftItem.274":2,"stat.useItem.324":1,"stat.craftItem.272":1,"stat.craftItem.50":4,"stat.mobKills":3,"stat.mineBlock.31":1,"stat.craftItem.325":1,"stat.craftItem.324":1,"stat.deaths":2,"stat.useItem.272":19,"stat.killEntity.Zombie":3,"stat.useItem.295":17,"stat.flyOneCm":2918,"stat.craftItem.280":20,"stat.useItem.61":2,"stat.playOneMinute":125494}