{"stat.useItem.6":16,"stat.useItem.17":2,"stat.fallOneCm":14762,"stat.playerKills":1,"achievement.openInventory":85,"achievement.buildFurnace":1,"stat.craftItem.346":1,"stat.jump":1076,"achievement.exploreAllBiomes":{"value":0,"progress":["Forest","Taiga","Extreme Hills","TaigaHills","River","ForestHills"]},"stat.mineBlock.50":2,"stat.killEntity.Skeleton":1,"stat.useItem.1":19,"stat.useItem.392":16,"stat.damageTaken":4460,"stat.useItem.58":9,"stat.useItem.3":17,"stat.useItem.4":104,"stat.useItem.5":147,"stat.craftItem.350":3,"achievement.buildPickaxe":8,"stat.mineBlock.58":5,"stat.useItem.50":21,"stat.entityKilledBy.Skeleton":1,"stat.damageDealt":4520,"stat.mineBlock.1":331,"stat.mineBlock.82":3,"stat.drop":80,"stat.mineBlock.5":10,"stat.mineBlock.4":47,"stat.killEntity.Bat":1,"stat.useItem.134":10,"stat.leaveGame":2,"stat.mineBlock.3":68,"stat.craftItem.61":1,"stat.mineBlock.18":125,"stat.mineBlock.17":31,"stat.mineBlock.175":1,"achievement.buildWorkBench":4,"stat.useItem.274":484,"stat.useItem.273":37,"stat.craftItem.20":13,"stat.diveOneCm":35929,"stat.swimOneCm":67513,"stat.walkOneCm":669568,"stat.mineBlock.16":169,"stat.mineBlock.15":5,"stat.entityKilledBy.Zombie":2,"stat.mineBlock.12":37,"achievement.buildBetterPickaxe":6,"stat.craftItem.5":244,"achievement.mineWood":31,"stat.craftItem.58":5,"stat.craftItem.274":6,"stat.useItem.38":2,"stat.craftItem.273":2,"stat.useItem.37":1,"stat.craftItem.96":4,"stat.junkFished":5,"stat.craftItem.50":16,"stat.mobKills":18,"stat.craftItem.271":1,"stat.craftItem.1":32,"stat.useItem.268":65,"stat.craftItem.270":2,"stat.deaths":4,"stat.craftItem.333":1,"stat.mineBlock.39":2,"stat.fishCaught":5,"stat.entityKilledBy.Spider":1,"stat.useItem.271":60,"stat.breakItem.271":1,"stat.useItem.270":104,"stat.breakItem.270":2,"stat.craftItem.134":12,"stat.breakItem.274":3,"stat.killEntity.Spider":1,"stat.killEntity.Zombie":14,"stat.useItem.295":32,"stat.useItem.96":3,"stat.mineBlock.66":4,"stat.flyOneCm":11747,"stat.craftItem.280":28,"stat.useItem.61":1,"stat.killEntity.Creeper":1,"achievement.cookFish":2,"stat.playOneMinute":233703,"stat.useItem.20":3}