{"stat.craftItem.257":1,"stat.useItem.6":35,"stat.craftItem.306":1,"stat.craftItem.307":1,"stat.useItem.146":9,"stat.craftItem.390":2,"achievement.openInventory":539,"stat.craftItem.308":1,"stat.craftItem.309":1,"stat.craftItem.396":1,"achievement.buildFurnace":7,"stat.jump":4327,"stat.mineBlock.50":27,"achievement.exploreAllBiomes":{"value":0,"progress":["Taiga","Deep Ocean","Extreme Hills","Ocean","TaigaHills","Plains","Ice Plains","FrozenRiver","Hell","ForestHills","Extreme Hills+ M","Forest","Beach","River","Cold Beach"]},"stat.craftItem.35":2,"stat.killEntity.Skeleton":5,"stat.craftItem.393":60,"stat.useItem.58":23,"stat.useItem.3":320,"stat.mineBlock.54":25,"stat.useItem.4":1226,"stat.useItem.5":419,"stat.mineBlock.53":1,"stat.useItem.54":43,"stat.useItem.53":9,"stat.climbOneCm":3010,"stat.useItem.291":12,"stat.mineBlock.58":20,"stat.useItem.50":305,"stat.craftItem.107":1,"stat.entityKilledBy.Skeleton":1,"achievement.buildHoe":1,"stat.useItem.338":9,"stat.mineBlock.1":2106,"stat.craftItem.266":14,"stat.craftItem.265":95,"stat.craftItem.262":4,"stat.mineBlock.5":30,"stat.craftItem.261":1,"stat.killEntity.Bat":1,"stat.useItem.134":2,"stat.mineBlock.4":91,"stat.mineBlock.3":1561,"stat.craftItem.263":1,"achievement.buildWorkBench":5,"stat.useItem.274":2957,"stat.craftItem.20":15,"stat.useItem.273":1538,"stat.diveOneCm":143707,"stat.useItem.275":373,"stat.useItem.44":15,"stat.craftItem.323":12,"stat.craftItem.321":3,"stat.craftItem.275":7,"stat.craftItem.58":5,"stat.craftItem.274":30,"stat.craftItem.273":15,"stat.craftItem.272":5,"stat.killEntity.Silverfish":4,"stat.craftItem.50":236,"stat.craftItem.376":2,"stat.mineBlock.31":52,"stat.useItem.361":1,"stat.mineBlock.30":5,"stat.craftItem.54":18,"stat.craftItem.374":3,"stat.useItem.362":1,"stat.craftItem.270":1,"stat.useItem.267":4,"stat.craftItem.371":9,"stat.deaths":5,"stat.fishCaught":5,"stat.mineBlock.37":28,"stat.useItem.76":1,"stat.mineBlock.38":44,"stat.useItem.272":139,"stat.useItem.270":41,"stat.breakItem.275":3,"stat.breakItem.273":10,"stat.useItem.171":45,"stat.breakItem.274":21,"stat.killEntity.Zombie":18,"stat.useItem.159":267,"achievement.buildSword":10,"stat.useItem.155":98,"stat.useItem.359":105,"stat.mineBlock.20":2,"stat.craftItem.388":2,"stat.useItem.69":4,"stat.useItem.355":18,"stat.craftItem.280":448,"stat.useItem.258":10,"stat.useItem.257":8,"stat.craftItem.44":18,"stat.useItem.61":12,"stat.useItem.67":4,"stat.mineBlock.24":8,"achievement.killEnemy":17,"stat.useItem.160":4,"stat.useItem.18":9,"stat.useItem.17":3,"stat.fallOneCm":51417,"stat.craftItem.291":1,"stat.mineBlock.97":1,"stat.killEntity.Cow":13,"stat.useItem.392":173,"stat.damageTaken":10635,"stat.useItem.390":2,"stat.useItem.391":67,"stat.useItem.107":1,"achievement.buildPickaxe":36,"stat.animalsBred":13,"stat.craftItem.355":3,"stat.useItem.12":79,"stat.damageDealt":9600,"stat.mineBlock.82":23,"stat.craftItem.67":8,"stat.drop":288,"stat.mineBlock.85":3,"stat.mineBlock.86":15,"stat.mineBlock.87":2,"stat.leaveGame":39,"stat.craftItem.61":7,"stat.mineBlock.18":419,"stat.mineBlock.17":239,"stat.useItem.175":15,"stat.mineBlock.14":3,"stat.mineBlock.175":11,"stat.mineBlock.13":35,"stat.walkOneCm":4565136,"stat.swimOneCm":184006,"stat.mineBlock.16":645,"stat.boatOneCm":78638,"stat.mineBlock.15":89,"stat.craftItem.69":2,"stat.craftItem.362":1,"stat.craftItem.361":4,"stat.mineBlock.12":202,"stat.craftItem.364":4,"achievement.buildBetterPickaxe":35,"stat.craftItem.5":760,"achievement.killCow":11,"achievement.mineWood":231,"stat.mineBlock.78":1,"stat.useItem.35":2,"stat.useItem.321":79,"stat.useItem.84":2,"stat.useItem.324":11,"stat.mineBlock.76":3,"stat.useItem.323":31,"stat.useItem.85":41,"stat.useItem.37":18,"stat.mineBlock.73":1,"stat.useItem.86":2,"stat.junkFished":1,"stat.useItem.89":2,"stat.mobKills":56,"stat.craftItem.324":8,"stat.killEntity.Chicken":7,"stat.craftItem.333":3,"stat.entityKilledBy.Creeper":1,"stat.useItem.31":12,"stat.killEntity.Spider":3,"stat.craftItem.91":1,"stat.useItem.95":6,"stat.useItem.295":221,"stat.useItem.96":3,"stat.craftItem.85":74,"stat.useItem.24":2,"stat.mineBlock.61":4,"stat.flyOneCm":73975,"stat.useItem.98":84,"achievement.acquireIron":6,"stat.mineBlock.153":12,"stat.killEntity.Pig":4,"stat.craftItem.336":28,"stat.treasureFished":2,"stat.mineBlock.103":30,"stat.useItem.114":4,"stat.useItem.113":3,"stat.playOneMinute":1445579,"stat.useItem.20":17}